ID,NAME,EMAIL,PHONE
1,Tamarah Scotcher,tscotcher0@weather.com,(310) 1277512
2,Kissee Fruchon,kfruchon1@desdev.cn,(695) 9027257
3,Sheff Philbin,sphilbin2@wikipedia.org,(526) 5137065
4,Zeb Ferminger,zferminger3@businessweek.com,(611) 1951855
5,Brockie Athowe,bathowe4@facebook.com,(164) 7251527
6,Nessy Fallowes,nfallowes5@example.com,(160) 7359480
7,Dottie Lathe,dlathe6@sogou.com,(181) 8052848
8,Carey Dracksford,cdracksford7@hubpages.com,(589) 7370335
9,Shalne Amberger,samberger8@nytimes.com,(754) 6380458
10,Jolynn Lillow,jlillow9@imdb.com,(324) 1573614
11,Roxie Culver,rculvera@about.me,(478) 7435348
12,Fraze Raynton,frayntonb@sourceforge.net,(605) 8877905
13,Katleen MacCallion,kmaccallionc@furl.net,(505) 3142390
14,Martita Mara,mmarad@altervista.org,(733) 4244482
15,Hali Jans,hjanse@cdc.gov,(524) 1843493
16,Ansell Greger,agregerf@redcross.org,(447) 7880041
17,Jena Cheasman,jcheasmang@dailymail.co.uk,(776) 7692969
18,Cordie Mariner,cmarinerh@xing.com,(274) 8133951
19,Honoria Okroy,hokroyi@sciencedaily.com,(680) 7564387
20,Lev Oehme,loehmej@chronoengine.com,(964) 7467641
